ID;Data;País;Segmento;Produto;Unidades;Receita bruta (USD);Descontos (USD);Receita líquida (USD);Custos (USD);Lucro (USD)
1;2014-12-01;Alemanha;Governo;Carretera;1513;529550;0;529550;393380;136170
2;2014-06-01;Alemanha;Governo;Paseo;1006;352100;0;352100;261560;90540
3;2013-11-01;Canadá;Governo;Paseo;1725;603750;0;603750;448500;155250
4;2014-12-01;Alemanha;Governo;Paseo;1513;529550;0;529550;393380;136170
5;2014-06-01;Alemanha;Governo;Velo;1006;352100;0;352100;261560;90540
6;2013-09-01;França;Governo;VTT;1527;534450;0;534450;397020;137430
7;2014-02-01;França;Governo;Amarilla;2750;962500;0;962500;715000;247500
8;2014-03-01;México;Governo;Carretera;1210;423500;4235;419265;314600;104665
9;2014-10-01;México;Governo;Carretera;1397;488950;4889,5;484060,5;363220;120840,5
10;2014-12-01;França;Governo;Carretera;2155;754250;7542,5;746707,5;560300;186407,5
11;2014-12-01;França;Governo;Paseo;2155;754250;7542,5;746707,5;560300;186407,5
12;2014-04-01;Canadá;Governo;VTT;943,5;330225;3302,25;326922,75;245310;81612,75
13;2014-10-01;México;Governo;VTT;1397;488950;4889,5;484060,5;363220;120840,5
14;2014-12-01;Canadá;Governo;Carretera;2852;998200;19964;978236;741520;236716
15;2014-12-01;Canadá;Governo;Paseo;2852;998200;19964;978236;741520;236716
16;2013-10-01;Alemanha;Governo;Velo;2966;1038100;20762;1017338;771160;246178
17;2014-10-01;Alemanha;Governo;Velo;2877;1006950;20139;986811;748020;238791
18;2014-10-01;Alemanha;Governo;VTT;2877;1006950;20139;986811;748020;238791
19;2013-12-01;Estados Unidos;Governo;VTT;266;93100;1862;91238;69160;22078
20;2013-12-01;México;Governo;VTT;1940;679000;13580;665420;504400;161020
21;2013-10-01;Alemanha;Governo;Amarilla;2966;1038100;20762;1017338;771160;246178
22;2013-09-01;Alemanha;Governo;Montana;1797;628950;18868,5;610081,5;467220;142861,5
23;2014-08-01;México;Governo;VTT;1642;574700;17241;557459;426920;130539
24;2014-12-01;Estados Unidos;Governo;Carretera;274;95900;3836;92064;71240;20824
25;2014-07-01;Estados Unidos;Governo;Paseo;3450;1207500;48300;1159200;897000;262200
26;2014-12-01;Estados Unidos;Governo;Paseo;274;95900;3836;92064;71240;20824
27;2014-10-01;França;Governo;Velo;2177;761950;30478;731472;566020;165452
28;2013-09-01;Estados Unidos;Governo;VTT;349;122150;4886;117264;90740;26524
29;2014-10-01;França;Governo;VTT;2177;761950;30478;731472;566020;165452
30;2014-02-01;México;Governo;Amarilla;1865;652750;26110;626640;484900;141740
31;2014-09-01;Alemanha;Governo;Amarilla;1907;667450;26698;640752;495820;144932
32;2013-12-01;Canadá;Governo;Amarilla;1778;622300;24892;597408;462280;135128
33;2014-01-01;França;Governo;Montana;1384,5;484575;24228,75;460346,25;359970;100376,25
34;2013-09-01;México;Governo;Montana;720;252000;12600;239400;187200;52200
35;2014-06-01;Estados Unidos;Governo;Paseo;602;210700;10535;200165;156520;43645
36;2013-10-01;Canadá;Governo;Paseo;1228;429800;21490;408310;319280;89030
37;2014-06-01;Estados Unidos;Governo;Velo;602;210700;10535;200165;156520;43645
38;2014-02-01;Alemanha;Governo;Amarilla;1350;472500;23625;448875;351000;97875
39;2014-08-01;Canadá;Governo;Amarilla;552;193200;9660;183540;143520;40020
40;2013-10-01;Canadá;Governo;Amarilla;1228;429800;21490;408310;319280;89030
41;2014-04-01;México;Governo;Montana;980;343000;20580;322420;254800;67620
42;2014-05-01;Alemanha;Governo;Montana;1460;511000;30660;480340;379600;100740
43;2014-06-01;França;Governo;Paseo;1496;523600;31416;492184;388960;103224
44;2013-10-01;Estados Unidos;Governo;Paseo;727;254450;15267;239183;189020;50163
45;2014-06-01;França;Governo;Velo;1496;523600;31416;492184;388960;103224
46;2013-10-01;França;Governo;Velo;2076;726600;43596;683004;539760;143244
47;2014-09-01;México;Governo;Amarilla;1679;587650;35259;552391;436540;115851
48;2013-10-01;Estados Unidos;Governo;Amarilla;727;254450;15267;239183;189020;50163
49;2013-10-01;França;Governo;Amarilla;2076;726600;43596;683004;539760;143244
50;2014-03-01;Estados Unidos;Governo;Carretera;1761;616350;43144,5;573205,5;457860;115345,5
51;2014-09-01;França;Governo;Amarilla;2876;1006600;70462;936138;747760;188378
52;2014-12-01;México;Governo;Carretera;1362;476700;38136;438564;354120;84444
53;2013-11-01;Alemanha;Governo;Paseo;2146;751100;60088;691012;557960;133052
54;2014-12-01;México;Governo;Paseo;1362;476700;38136;438564;354120;84444
55;2014-04-01;França;Governo;VTT;574,5;201075;16086;184989;149370;35619
56;2014-08-01;França;Governo;VTT;381;133350;10668;122682;99060;23622
57;2014-08-01;Alemanha;Governo;VTT;422;147700;11816;135884;109720;26164
58;2014-05-01;França;Governo;Montana;1666;583100;52479;530621;433160;97461
59;2014-01-01;México;Governo;Paseo;2417;845950;76135,5;769814,5;628420;141394,5
60;2014-07-01;Alemanha;Governo;Velo;1307;457450;41170,5;416279,5;339820;76459,5
61;2014-10-01;Canadá;Governo;Velo;1269;444150;39973,5;404176,5;329940;74236,5
62;2014-04-01;Estados Unidos;Governo;VTT;1351,5;473025;42572,25;430452,75;351390;79062,75
63;2014-09-01;Estados Unidos;Governo;Amarilla;2071;724850;65236,5;659613,5;538460;121153,5
64;2014-10-01;Canadá;Governo;Amarilla;1269;444150;39973,5;404176,5;329940;74236,5
65;2014-05-01;Estados Unidos;Governo;Montana;2313;809550;80955;728595;601380;127215
66;2014-07-01;França;Governo;Velo;639;223650;22365;201285;166140;35145
67;2014-08-01;Estados Unidos;Governo;VTT;2807;982450;98245;884205;729820;154385
68;2013-12-01;Alemanha;Governo;VTT;1870;654500;65450;589050;486200;102850
69;2014-02-01;Canadá;Governo;Amarilla;2240;784000;78400;705600;582400;123200
70;2014-09-01;Canadá;Governo;Amarilla;707;247450;24745;222705;183820;38885
71;2014-03-01;Alemanha;Governo;Carretera;792;277200;30492;246708;205920;40788
72;2014-01-01;Alemanha;Governo;Montana;766;268100;29491;238609;199160;39449
73;2014-07-01;Canadá;Governo;Paseo;2104,5;736575;81023,25;655551,75;547170;108381,75
74;2013-10-01;México;Governo;Velo;344;120400;13244;107156;89440;17716
75;2013-10-01;México;Governo;Amarilla;344;120400;13244;107156;89440;17716
76;2014-06-01;México;Governo;Carretera;886;310100;37212;272888;230360;42528
77;2014-06-01;México;Governo;Paseo;886;310100;37212;272888;230360;42528
78;2014-11-01;França;Governo;Paseo;1594;557900;66948;490952;414440;76512
79;2014-11-01;México;Governo;Paseo;1197;418950;50274;368676;311220;57456
80;2014-07-01;México;Governo;Velo;1395;488250;58590;429660;362700;66960
81;2014-10-01;Estados Unidos;Governo;Velo;986;345100;41412;303688;256360;47328
82;2013-09-01;Canadá;Governo;VTT;623;218050;26166;191884;161980;29904
83;2014-10-01;Estados Unidos;Governo;VTT;986;345100;41412;303688;256360;47328
84;2014-02-01;Estados Unidos;Governo;Amarilla;270;94500;11340;83160;70200;12960
85;2014-03-01;Canadá;Governo;Carretera;923;323050;41996,5;281053,5;239980;41073,5
86;2014-03-01;França;Governo;Carretera;1790;626500;81445;545055;465400;79655
87;2014-01-01;Estados Unidos;Governo;Montana;982,5;343875;44703,75;299171,25;255450;43721,25
88;2014-06-01;Canadá;Governo;Paseo;2632;921200;119756;801444;684320;117124
89;2014-11-01;Alemanha;Governo;Paseo;357;124950;16243,5;108706,5;92820;15886,5
90;2014-06-01;Canadá;Governo;Velo;2632;921200;119756;801444;684320;117124
91;2014-01-01;Canadá;Governo;Montana;2227,5;779625;109147,5;670477,5;579150;91327,5
92;2014-04-01;Alemanha;Governo;Montana;1199;419650;58751;360899;311740;49159
93;2014-05-01;Canadá;Governo;Montana;200;70000;9800;60200;52000;8200
94;2014-11-01;Canadá;Governo;Paseo;700;245000;34300;210700;182000;28700
95;2014-11-01;Estados Unidos;Governo;Paseo;1177;411950;57673;354277;306020;48257
96;2013-11-01;França;Governo;Paseo;1922;672700;94178;578522;499720;78802
97;2013-12-01;França;Governo;VTT;1281;448350;62769;385581;333060;52521
98;2014-05-01;México;Governo;Paseo;2851;997850;149677,5;848172,5;741260;106912,5
99;2013-11-01;Estados Unidos;Governo;Paseo;2007;702450;105367,5;597082,5;521820;75262,5
100;2013-11-01;México;Governo;Paseo;2151;752850;112927,5;639922,5;559260;80662,5
101;2014-01-01;Canadá;Governo;Carretera;1618,5;32370;0;32370;16185;16185
102;2014-01-01;Alemanha;Governo;Carretera;1321;26420;0;26420;13210;13210
103;2014-06-01;França;Governo;Montana;1899;37980;0;37980;18990;18990
104;2014-02-01;Canadá;Governo;Paseo;292;5840;0;5840;2920;2920
105;2014-12-01;Canadá;Governo;Paseo;1817;36340;0;36340;18170;18170
106;2014-12-01;Canadá;Governo;VTT;1817;36340;0;36340;18170;18170
107;2014-06-01;França;Governo;Amarilla;1899;37980;0;37980;18990;18990
108;2014-07-01;França;Governo;Montana;1375,5;27510;275,1;27234,9;13755;13479,9
109;2014-04-01;França;Governo;Velo;3864;77280;772,8;76507,2;38640;37867,2
110;2014-10-01;Estados Unidos;Governo;Montana;1566;31320;626,4;30693,6;15660;15033,6
111;2014-10-01;Estados Unidos;Governo;Velo;1566;31320;626,4;30693,6;15660;15033,6
112;2013-12-01;México;Governo;Velo;544;10880;217,6;10662,4;5440;5222,4
113;2014-11-01;Estados Unidos;Governo;Amarilla;1236;24720;494,4;24225,6;12360;11865,6
114;2014-11-01;França;Governo;Amarilla;941;18820;376,4;18443,6;9410;9033,6
115;2014-04-01;Alemanha;Governo;Carretera;2580;51600;1548;50052;25800;24252
116;2014-05-01;Canadá;Governo;Carretera;831;16620;498,6;16121,4;8310;7811,4
117;2014-04-01;Canadá;Governo;Velo;3850,5;77010;2310,3;74699,7;38505;36194,7
118;2013-09-01;Estados Unidos;Governo;Velo;736;14720;588,8;14131,2;7360;6771,2
119;2014-09-01;Canadá;Governo;Paseo;2074;41480;1659,2;39820,8;20740;19080,8
120;2014-09-01;Estados Unidos;Governo;Paseo;1056;21120;844,8;20275,2;10560;9715,2
121;2013-09-01;Canadá;Governo;Velo;2646;52920;2116,8;50803,2;26460;24343,2
122;2014-05-01;França;Governo;Carretera;1563;31260;1563;29697;15630;14067
123;2014-02-01;França;Governo;Paseo;1303;26060;1303;24757;13030;11727
124;2013-10-01;Canadá;Governo;Paseo;1389;27780;1389;26391;13890;12501
125;2013-12-01;Canadá;Governo;Paseo;1802;36040;1802;34238;18020;16218
126;2014-12-01;Estados Unidos;Governo;Paseo;2663;53260;2663;50597;26630;23967
127;2014-08-01;Estados Unidos;Governo;Velo;2832;56640;2832;53808;28320;25488
128;2014-08-01;França;Governo;Velo;1579;31580;1579;30001;15790;14211
129;2013-12-01;França;Governo;Velo;1033;20660;1033;19627;10330;9297
130;2013-10-01;Canadá;Governo;VTT;1389;27780;1389;26391;13890;12501
131;2013-11-01;Estados Unidos;Governo;VTT;1265;25300;1265;24035;12650;11385
132;2013-11-01;Alemanha;Governo;VTT;2297;45940;2297;43643;22970;20673
133;2014-12-01;Estados Unidos;Governo;VTT;2663;53260;2663;50597;26630;23967
134;2014-01-01;Estados Unidos;Governo;Carretera;1117,5;22350;1341;21009;11175;9834
135;2013-11-01;México;Governo;VTT;1123;22460;1347,6;21112,4;11230;9882,4
136;2013-10-01;França;Governo;Montana;1757;35140;2108,4;33031,6;17570;15461,6
137;2013-10-01;França;Governo;Paseo;1757;35140;2108,4;33031,6;17570;15461,6
138;2014-08-01;Alemanha;Governo;Velo;1001;20020;1201,2;18818,8;10010;8808,8
139;2013-09-01;México;Governo;Carretera;1834;36680;2567,6;34112,4;18340;15772,4
140;2014-10-01;França;Governo;Montana;1976;39520;2766,4;36753,6;19760;16993,6
141;2014-09-01;França;Governo;Paseo;1535;30700;2149;28551;15350;13201
142;2014-08-01;México;Governo;Velo;609;12180;852,6;11327,4;6090;5237,4
143;2014-10-01;França;Governo;Velo;1976;39520;2766,4;36753,6;19760;16993,6
144;2013-12-01;Estados Unidos;Governo;Velo;1421;28420;1989,4;26430,6;14210;12220,6
145;2013-12-01;Alemanha;Governo;Velo;588;11760;823,2;10936,8;5880;5056,8
146;2014-11-01;Canadá;Governo;Amarilla;1118;22360;1565,2;20794,8;11180;9614,8
147;2014-06-01;Estados Unidos;Governo;Montana;1282;25640;2051,2;23588,8;12820;10768,8
148;2014-06-01;Estados Unidos;Governo;Amarilla;1282;25640;2051,2;23588,8;12820;10768,8
149;2014-06-01;Canadá;Governo;Montana;708;14160;1132,8;13027,2;7080;5947,2
150;2014-07-01;Alemanha;Governo;Montana;645;12900;1032;11868;6450;5418
151;2014-06-01;Alemanha;Governo;Paseo;1366;27320;2185,6;25134,4;13660;11474,4
152;2014-09-01;Alemanha;Governo;Paseo;1934;38680;3094,4;35585,6;19340;16245,6
153;2014-09-01;México;Governo;Paseo;2993;59860;4788,8;55071,2;29930;25141,2
154;2014-06-01;Canadá;Governo;Amarilla;708;14160;1132,8;13027,2;7080;5947,2
155;2014-06-01;Alemanha;Governo;Amarilla;1366;27320;2185,6;25134,4;13660;11474,4
156;2014-11-01;Alemanha;Governo;Amarilla;1520;30400;2432;27968;15200;12768
157;2014-07-01;Estados Unidos;Governo;VTT;436,5;8730;698,4;8031,6;4365;3666,6
158;2014-11-01;México;Governo;Amarilla;1694;33880;3049,2;30830,8;16940;13890,8
159;2014-05-01;Alemanha;Governo;Carretera;663;13260;1193,4;12066,6;6630;5436,6
160;2014-03-01;Estados Unidos;Governo;Paseo;973;19460;1751,4;17708,6;9730;7978,6
161;2014-06-01;México;Governo;Paseo;1038;20760;1868,4;18891,6;10380;8511,6
162;2013-11-01;França;Governo;VTT;2682;53640;4827,6;48812,4;26820;21992,4
163;2014-06-01;México;Governo;Amarilla;1038;20760;1868,4;18891,6;10380;8511,6
164;2014-03-01;França;Governo;Paseo;1954;39080;3908;35172;19540;15632
165;2014-10-01;Alemanha;Governo;Paseo;241;4820;482;4338;2410;1928
166;2014-10-01;Alemanha;Governo;Velo;241;4820;482;4338;2410;1928
167;2014-05-01;México;Governo;Amarilla;2039;40780;4078;36702;20390;16312
168;2013-10-01;Alemanha;Governo;Montana;2992;59840;6582,4;53257,6;29920;23337,6
169;2014-03-01;México;Governo;Paseo;1122;22440;2468,4;19971,6;11220;8751,6
170;2014-08-01;Canadá;Governo;Paseo;2394;47880;5266,8;42613,2;23940;18673,2
171;2013-10-01;Alemanha;Governo;Paseo;2992;59840;6582,4;53257,6;29920;23337,6
172;2013-09-01;França;Governo;Velo;2805;56100;6171;49929;28050;21879
173;2013-11-01;Canadá;Governo;VTT;2935;58700;6457;52243;29350;22893
174;2014-01-01;México;Governo;Amarilla;2629;52580;5783,8;46796,2;26290;20506,2
175;2013-10-01;México;Governo;Montana;1715;34300;4116;30184;17150;13034
176;2014-10-01;México;Governo;Paseo;905;18100;2172;15928;9050;6878
177;2013-10-01;México;Governo;Paseo;1715;34300;4116;30184;17150;13034
178;2014-12-01;México;Governo;Paseo;1233;24660;2959,2;21700,8;12330;9370,8
179;2014-10-01;México;Governo;Velo;905;18100;2172;15928;9050;6878
180;2014-12-01;México;Governo;VTT;1233;24660;2959,2;21700,8;12330;9370,8
181;2014-01-01;França;Governo;Carretera;2521,5;50430;6051,6;44378,4;25215;19163,4
182;2014-12-01;Alemanha;Governo;Paseo;1531;30620;3674,4;26945,6;15310;11635,6
183;2014-12-01;Alemanha;Governo;VTT;1531;30620;3674,4;26945,6;15310;11635,6
184;2013-09-01;Alemanha;Governo;Carretera;442;8840;1149,2;7690,8;4420;3270,8
185;2014-07-01;México;Governo;Montana;2255;45100;5863;39237;22550;16687
186;2014-10-01;Canadá;Governo;Montana;1249;24980;3247,4;21732,6;12490;9242,6
187;2014-02-01;Estados Unidos;Governo;Paseo;2641;52820;6866,6;45953,4;26410;19543,4
188;2014-02-01;Alemanha;Governo;Paseo;2708;54160;7040,8;47119,2;27080;20039,2
189;2014-10-01;Canadá;Governo;Paseo;1249;24980;3247,4;21732,6;12490;9242,6
190;2014-04-01;México;Governo;Carretera;2579;51580;7221,2;44358,8;25790;18568,8
191;2014-05-01;Estados Unidos;Governo;Carretera;1743;34860;4880,4;29979,6;17430;12549,6
192;2014-03-01;Canadá;Governo;Paseo;2428;48560;6798,4;41761,6;24280;17481,6
193;2014-02-01;México;Governo;Paseo;260;5200;728;4472;2600;1872
194;2014-04-01;Estados Unidos;Governo;Velo;606;12120;1696,8;10423,2;6060;4363,2
195;2014-03-01;Alemanha;Governo;Paseo;1158;23160;3474;19686;11580;8106
196;2013-10-01;Estados Unidos;Governo;Paseo;267;5340;801;4539;2670;1869
197;2014-12-01;França;Governo;Paseo;293;5860;879;4981;2930;2051
198;2014-07-01;Canadá;Governo;VTT;865,5;17310;2596,5;14713,5;8655;6058,5
199;2013-10-01;Estados Unidos;Governo;VTT;267;5340;801;4539;2670;1869
200;2014-12-01;França;Governo;VTT;293;5860;879;4981;2930;2051
201;2014-09-01;Alemanha;Governo;Montana;2146;15022;0;15022;10730;4292
202;2014-08-01;México;Governo;Paseo;883;6181;0;6181;4415;1766
203;2014-10-01;Estados Unidos;Governo;Paseo;1143;8001;0;8001;5715;2286
204;2014-01-01;México;Governo;Velo;1493;10451;0;10451;7465;2986
205;2014-07-01;Alemanha;Governo;Amarilla;1686;11802;0;11802;8430;3372
206;2014-10-01;Estados Unidos;Governo;Amarilla;1143;8001;0;8001;5715;2286
207;2014-01-01;França;Governo;Paseo;3945;27615;276,15;27338,85;19725;7613,85
208;2014-05-01;França;Governo;Paseo;1030;7210;72,1;7137,9;5150;1987,9
209;2014-11-01;França;Governo;Velo;639;4473;44,73;4428,27;3195;1233,27
210;2014-03-01;Canadá;Governo;VTT;1326;9282;92,82;9189,18;6630;2559,18
211;2014-07-01;Estados Unidos;Governo;Carretera;2529;17703;177,03;17525,97;12645;4880,97
212;2014-08-01;Canadá;Governo;Montana;1830;12810;128,1;12681,9;9150;3531,9
213;2014-04-01;Estados Unidos;Governo;Paseo;4492,5;31447,5;314,475;31133,025;22462,5;8670,525
214;2014-05-01;México;Governo;Velo;362;2534;25,34;2508,66;1810;698,66
215;2013-11-01;Canadá;Governo;Velo;2092;14644;146,44;14497,56;10460;4037,56
216;2014-03-01;Alemanha;Governo;VTT;263;1841;18,41;1822,59;1315;507,59
217;2013-11-01;França;Governo;Carretera;2145;15015;300,3;14714,7;10725;3989,7
218;2013-12-01;Estados Unidos;Governo;Paseo;2013;14091;281,82;13809,18;10065;3744,18
219;2014-02-01;Alemanha;Governo;Montana;1958;13706;411,18;13294,82;9790;3504,82
220;2014-09-01;França;Governo;Montana;544;3808;114,24;3693,76;2720;973,76
221;2013-09-01;México;Governo;Paseo;1760;12320;369,6;11950,4;8800;3150,4
222;2013-10-01;Canadá;Governo;Carretera;2851;19957;798,28;19158,72;14255;4903,72
223;2013-10-01;Canadá;Governo;Montana;2851;19957;798,28;19158,72;14255;4903,72
224;2014-01-01;Canadá;Governo;Paseo;4251;29757;1190,28;28566,72;21255;7311,72
225;2013-10-01;Alemanha;Governo;Montana;1159;8113;405,65;7707,35;5795;1912,35
226;2014-01-01;Alemanha;Governo;Paseo;1372;9604;480,2;9123,8;6860;2263,8
227;2013-09-01;Canadá;Governo;Paseo;2349;16443;822,15;15620,85;11745;3875,85
228;2014-10-01;México;Governo;Paseo;2689;18823;941,15;17881,85;13445;4436,85
229;2014-10-01;México;Governo;VTT;2689;18823;941,15;17881,85;13445;4436,85
230;2014-07-01;México;Governo;Amarilla;1683;11781;589,05;11191,95;8415;2776,95
231;2013-10-01;Alemanha;Governo;Amarilla;1159;8113;405,65;7707,35;5795;1912,35
232;2013-11-01;Alemanha;Governo;Carretera;1016;7112;355,6;6756,4;5080;1676,4
233;2014-12-01;Estados Unidos;Governo;Carretera;570;3990;199,5;3790,5;2850;940,5
234;2014-12-01;França;Governo;Carretera;2487;17409;870,45;16538,55;12435;4103,55
235;2014-05-01;Estados Unidos;Governo;Paseo;2327;16289;814,45;15474,55;11635;3839,55
236;2013-12-01;França;Governo;Paseo;2136;14952;747,6;14204,4;10680;3524,4
237;2014-12-01;Estados Unidos;Governo;VTT;570;3990;199,5;3790,5;2850;940,5
238;2014-12-01;França;Governo;VTT;2487;17409;870,45;16538,55;12435;4103,55
239;2013-11-01;Estados Unidos;Governo;Carretera;263;1841;110,46;1730,54;1315;415,54
240;2013-10-01;França;Governo;Montana;1403;9821;589,26;9231,74;7015;2216,74
241;2014-06-01;México;Governo;Velo;1498;10486;629,16;9856,84;7490;2366,84
242;2014-06-01;México;Governo;VTT;1498;10486;629,16;9856,84;7490;2366,84
243;2013-10-01;França;Governo;Amarilla;1403;9821;589,26;9231,74;7015;2216,74
244;2014-11-01;México;Governo;Velo;1333;9331;559,86;8771,14;6665;2106,14
245;2013-09-01;França;Governo;Paseo;1031;7217;505,19;6711,81;5155;1556,81
246;2014-06-01;Canadá;Governo;Velo;1135;7945;556,15;7388,85;5675;1713,85
247;2014-11-01;Estados Unidos;Governo;Velo;547;3829;268,03;3560,97;2735;825,97
248;2014-12-01;Canadá;Governo;Velo;1582;11074;775,18;10298,82;7910;2388,82
249;2014-12-01;Canadá;Governo;VTT;1582;11074;775,18;10298,82;7910;2388,82
250;2014-06-01;Canadá;Governo;Amarilla;1135;7945;556,15;7388,85;5675;1713,85
251;2013-12-01;Alemanha;Governo;Paseo;2125;14875;1041,25;13833,75;10625;3208,75
252;2014-02-01;Canadá;Governo;Montana;488;3416;273,28;3142,72;2440;702,72
253;2014-05-01;Canadá;Governo;Paseo;257;1799;143,92;1655,08;1285;370,08
254;2014-04-01;Alemanha;Governo;Paseo;1259;8813;705,04;8107,96;6295;1812,96
255;2014-05-01;Alemanha;Governo;Paseo;1095;7665;613,2;7051,8;5475;1576,8
256;2014-08-01;Estados Unidos;Governo;Paseo;678;4746;379,68;4366,32;3390;976,32
257;2014-08-01;Alemanha;Governo;Paseo;1598;11186;894,88;10291,12;7990;2301,12
258;2013-09-01;Alemanha;Governo;Paseo;2409;16863;1349,04;15513,96;12045;3468,96
259;2013-12-01;México;Governo;Paseo;1946;13622;1089,76;12532,24;9730;2802,24
260;2014-06-01;Estados Unidos;Governo;Velo;2907;20349;1627,92;18721,08;14535;4186,08
261;2014-06-01;Alemanha;Governo;Velo;2338;16366;1309,28;15056,72;11690;3366,72
262;2014-06-01;Alemanha;Governo;VTT;2338;16366;1309,28;15056,72;11690;3366,72
263;2014-06-01;Estados Unidos;Governo;Amarilla;2907;20349;1627,92;18721,08;14535;4186,08
264;2013-12-01;Canadá;Governo;Montana;1611;11277;1014,93;10262,07;8055;2207,07
265;2014-07-01;Canadá;Governo;Carretera;819;5733;515,97;5217,03;4095;1122,03
266;2014-12-01;México;Governo;Carretera;521;3647;328,23;3318,77;2605;713,77
267;2014-10-01;Alemanha;Governo;Paseo;360;2520;226,8;2293,2;1800;493,2
268;2014-10-01;Alemanha;Governo;VTT;360;2520;226,8;2293,2;1800;493,2
269;2014-12-01;México;Governo;VTT;521;3647;328,23;3318,77;2605;713,77
270;2014-09-01;Estados Unidos;Governo;Montana;2328;16296;1629,6;14666,4;11640;3026,4
271;2014-11-01;Alemanha;Governo;Velo;2665;18655;1865,5;16789,5;13325;3464,5
272;2014-04-01;França;Governo;Paseo;2532;17724;1949,64;15774,36;12660;3114,36
273;2014-03-01;Estados Unidos;Governo;VTT;1579;11053;1215,83;9837,17;7895;1942,17
274;2013-11-01;México;Governo;Carretera;2706;18942;2083,62;16858,38;13530;3328,38
275;2014-11-01;Canadá;Governo;Velo;1808;12656;1392,16;11263,84;9040;2223,84
276;2013-09-01;Estados Unidos;Governo;Paseo;380;2660;292,6;2367,4;1900;467,4
277;2014-09-01;México;Governo;Montana;2420;16940;2032,8;14907,2;12100;2807,2
278;2014-10-01;Canadá;Governo;Montana;2734;19138;2296,56;16841,44;13670;3171,44
279;2014-07-01;França;Governo;Amarilla;3421,5;23950,5;2874,06;21076,44;17107,5;3968,94
280;2014-10-01;Canadá;Governo;Amarilla;2734;19138;2296,56;16841,44;13670;3171,44
281;2014-03-01;França;Governo;VTT;1491;10437;1252,44;9184,56;7455;1729,56
282;2014-02-01;Estados Unidos;Governo;Montana;1298;9086;1181,18;7904,82;6490;1414,82
283;2014-01-01;Estados Unidos;Governo;Paseo;1438,5;10069,5;1309,035;8760,465;7192,5;1567,965
284;2014-08-01;França;Governo;Paseo;2696;18872;2453,36;16418,64;13480;2938,64
285;2014-06-01;França;Governo;Velo;1190;8330;1082,9;7247,1;5950;1297,1
286;2014-06-01;França;Governo;Amarilla;1190;8330;1082,9;7247,1;5950;1297,1
287;2013-10-01;Estados Unidos;Governo;Carretera;2996;20972;2936,08;18035,92;14980;3055,92
288;2014-12-01;Alemanha;Governo;Carretera;280;1960;274,4;1685,6;1400;285,6
289;2014-02-01;França;Governo;Montana;293;2051;287,14;1763,86;1465;298,86
290;2013-10-01;Estados Unidos;Governo;Montana;2996;20972;2936,08;18035,92;14980;3055,92
291;2014-12-01;Alemanha;Governo;VTT;280;1960;274,4;1685,6;1400;285,6
292;2014-09-01;Canadá;Governo;Montana;388;2716;380,24;2335,76;1940;395,76
293;2013-10-01;México;Governo;Montana;1727;12089;1692,46;10396,54;8635;1761,54
294;2014-10-01;França;Governo;Paseo;1731;12117;1696,38;10420,62;8655;1765,62
295;2014-03-01;México;Governo;VTT;2903;20321;2844,94;17476,06;14515;2961,06
296;2014-10-01;França;Governo;Amarilla;1731;12117;1696,38;10420,62;8655;1765,62
297;2013-10-01;México;Governo;Amarilla;1727;12089;1692,46;10396,54;8635;1761,54
298;2014-04-01;México;Governo;Paseo;2535;17745;2661,75;15083,25;12675;2408,25
299;2014-02-01;México;Governo;Montana;1368;9576;1436,4;8139,6;6840;1299,6
300;2014-04-01;Canadá;Governo;Paseo;723;5061;759,15;4301,85;3615;686,85
301;2014-06-01;França;Médio mercado;Carretera;2178;32670;0;32670;21780;10890
302;2014-06-01;Alemanha;Médio mercado;Carretera;888;13320;0;13320;8880;4440
303;2014-06-01;México;Médio mercado;Carretera;2470;37050;0;37050;24700;12350
304;2014-03-01;Alemanha;Médio mercado;Montana;921;13815;0;13815;9210;4605
305;2014-06-01;Canadá;Parceiros de canal;Montana;2518;30216;0;30216;7554;22662
306;2014-06-01;Alemanha;Parceiros de canal;Montana;1545;18540;0;18540;4635;13905
307;2014-06-01;México;Médio mercado;Montana;2470;37050;0;37050;24700;12350
308;2014-07-01;Canadá;Corporativo;Montana;2665,5;333187,5;0;333187,5;319860;13327,5
309;2014-08-01;México;Pequenas empresas;Montana;958;287400;0;287400;239500;47900
310;2013-10-01;Canadá;Corporativo;Montana;345;43125;0;43125;41400;1725
311;2014-12-01;Estados Unidos;Médio mercado;Montana;615;9225;0;9225;6150;3075
312;2014-02-01;França;Corporativo;Velo;1804;225500;0;225500;216480;9020
313;2014-03-01;Alemanha;Parceiros de canal;Velo;2161;25932;0;25932;6483;19449
314;2014-06-01;Alemanha;Parceiros de canal;Velo;1545;18540;0;18540;4635;13905
315;2014-08-01;Estados Unidos;Corporativo;Velo;2821;352625;0;352625;338520;14105
316;2013-10-01;Canadá;Corporativo;Velo;345;43125;0;43125;41400;1725
317;2014-02-01;Canadá;Pequenas empresas;VTT;2001;600300;0;600300;500250;100050
318;2014-04-01;Alemanha;Parceiros de canal;VTT;2838;34056;0;34056;8514;25542
319;2014-06-01;França;Médio mercado;VTT;2178;32670;0;32670;21780;10890
320;2014-06-01;Alemanha;Médio mercado;VTT;888;13320;0;13320;8880;4440
321;2014-09-01;França;Pequenas empresas;VTT;2151;645300;0;645300;537750;107550
322;2014-04-01;Estados Unidos;Parceiros de canal;Amarilla;1953;23436;0;23436;5859;17577
323;2014-04-01;Alemanha;Corporativo;Amarilla;4219,5;527437,5;0;527437,5;506340;21097,5
324;2014-08-01;Estados Unidos;Parceiros de canal;Amarilla;2141;25692;0;25692;6423;19269
325;2014-12-01;Estados Unidos;Médio mercado;Amarilla;615;9225;0;9225;6150;3075
326;2014-02-01;Estados Unidos;Parceiros de canal;Carretera;1858;22296;222,96;22073,04;5574;16499,04
327;2014-09-01;Canadá;Parceiros de canal;Carretera;1445;17340;173,4;17166,6;4335;12831,6
328;2013-09-01;Estados Unidos;Corporativo;Carretera;330;41250;412,5;40837,5;39600;1237,5
329;2014-09-01;França;Parceiros de canal;Carretera;2671;32052;320,52;31731,48;8013;23718,48
330;2013-10-01;Alemanha;Parceiros de canal;Carretera;766;9192;91,92;9100,08;2298;6802,08
331;2013-10-01;México;Pequenas empresas;Carretera;494;148200;1482;146718;123500;23218
332;2014-03-01;México;Médio mercado;Montana;2214;33210;332,1;32877,9;22140;10737,9
333;2014-04-01;Estados Unidos;Pequenas empresas;Montana;2301;690300;6903;683397;575250;108147
334;2013-09-01;Estados Unidos;Pequenas empresas;Montana;2498;749400;7494;741906;624500;117406
335;2013-10-01;Estados Unidos;Corporativo;Montana;663;82875;828,75;82046,25;79560;2486,25
336;2014-08-01;Canadá;Corporativo;Velo;923;115375;1153,75;114221,25;110760;3461,25
337;2013-10-01;Estados Unidos;Corporativo;Velo;663;82875;828,75;82046,25;79560;2486,25
338;2014-06-01;Estados Unidos;Corporativo;VTT;727;90875;908,75;89966,25;87240;2726,25
339;2014-06-01;França;Corporativo;VTT;787;98375;983,75;97391,25;94440;2951,25
340;2014-09-01;Alemanha;Pequenas empresas;VTT;986;295800;2958;292842;246500;46342
341;2013-10-01;México;Pequenas empresas;VTT;494;148200;1482;146718;123500;23218
342;2014-11-01;França;Corporativo;VTT;1744;218000;2180;215820;209280;6540
343;2013-09-01;Estados Unidos;Parceiros de canal;Amarilla;1989;23868;238,68;23629,32;5967;17662,32
344;2013-11-01;França;Médio mercado;Amarilla;321;4815;48,15;4766,85;3210;1556,85
345;2014-04-01;Canadá;Corporativo;Carretera;742,5;92812,5;1856,25;90956,25;89100;1856,25
346;2014-10-01;Canadá;Parceiros de canal;Carretera;1295;15540;310,8;15229,2;3885;11344,2
347;2013-10-01;Alemanha;Pequenas empresas;Carretera;214;64200;1284;62916;53500;9416
348;2014-06-01;Estados Unidos;Parceiros de canal;Montana;1142;13704;274,08;13429,92;3426;10003,92
349;2014-11-01;México;Parceiros de canal;Montana;690;8280;165,6;8114,4;2070;6044,4
350;2013-11-01;México;Corporativo;Montana;1660;207500;4150;203350;199200;4150
351;2013-10-01;Alemanha;Corporativo;Velo;809;101125;2022,5;99102,5;97080;2022,5
352;2013-10-01;México;Corporativo;Velo;2145;268125;5362,5;262762,5;257400;5362,5
353;2014-12-01;França;Parceiros de canal;Velo;1055;12660;253,2;12406,8;3165;9241,8
354;2014-12-01;México;Parceiros de canal;Velo;1084;13008;260,16;12747,84;3252;9495,84
355;2014-06-01;México;Corporativo;VTT;662;82750;1655;81095;79440;1655
356;2013-10-01;Alemanha;Pequenas empresas;VTT;214;64200;1284;62916;53500;9416
357;2014-12-01;Canadá;Corporativo;VTT;2729;341125;6822,5;334302,5;327480;6822,5
358;2014-03-01;Alemanha;Pequenas empresas;Amarilla;259;77700;1554;76146;64750;11396
359;2014-03-01;México;Pequenas empresas;Amarilla;1101;330300;6606;323694;275250;48444
360;2014-05-01;Alemanha;Corporativo;Amarilla;2276;284500;5690;278810;273120;5690
361;2014-12-01;Canadá;Pequenas empresas;Amarilla;1916;574800;11496;563304;479000;84304
362;2014-04-01;França;Corporativo;Carretera;4243,5;530437,5;15913,125;514524,375;509220;5304,375
363;2014-06-01;Alemanha;Pequenas empresas;Carretera;689;206700;6201;200499;172250;28249
364;2014-09-01;Estados Unidos;Parceiros de canal;Carretera;1947;23364;700,92;22663,08;5841;16822,08
365;2013-12-01;Canadá;Parceiros de canal;Carretera;908;10896;326,88;10569,12;2724;7845,12
366;2014-06-01;França;Parceiros de canal;Montana;1901;22812;684,36;22127,64;5703;16424,64
367;2014-12-01;França;Corporativo;Montana;1287;160875;4826,25;156048,75;154440;1608,75
368;2014-12-01;Alemanha;Corporativo;Montana;1706;213250;6397,5;206852,5;204720;2132,5
369;2014-10-01;Canadá;Corporativo;Velo;2009;251125;7533,75;243591,25;241080;2511,25
370;2014-02-01;Estados Unidos;Pequenas empresas;VTT;2844;853200;25596;827604;711000;116604
371;2014-04-01;México;Parceiros de canal;VTT;1916;22992;689,76;22302,24;5748;16554,24
372;2014-06-01;Alemanha;Corporativo;VTT;1570;196250;5887,5;190362,5;188400;1962,5
373;2014-08-01;Canadá;Pequenas empresas;VTT;1874;562200;16866;545334;468500;76834
374;2013-10-01;Alemanha;Médio mercado;VTT;1945;29175;875,25;28299,75;19450;8849,75
375;2014-01-01;Alemanha;Parceiros de canal;VTT;2479;29748;892,44;28855,56;7437;21418,56
376;2014-10-01;México;Médio mercado;Montana;2031;30465;1218,6;29246,4;20310;8936,4
377;2014-10-01;Alemanha;Pequenas empresas;Carretera;2021;606300;24252;582048;505250;76798
378;2014-03-01;Canadá;Médio mercado;Montana;1967;29505;1180,2;28324,8;19670;8654,8
379;2014-08-01;Alemanha;Pequenas empresas;Montana;1859;557700;22308;535392;464750;70642
380;2014-10-01;Alemanha;Pequenas empresas;Montana;2021;606300;24252;582048;505250;76798
381;2014-12-01;México;Corporativo;Montana;1138;142250;5690;136560;136560;0
382;2014-03-01;Estados Unidos;Parceiros de canal;Velo;1465;17580;703,2;16876,8;4395;12481,8
383;2014-05-01;França;Parceiros de canal;VTT;866;10392;415,68;9976,32;2598;7378,32
384;2013-10-01;México;Médio mercado;VTT;1514;22710;908,4;21801,6;15140;6661,6
385;2014-04-01;México;Corporativo;Amarilla;1074;134250;5370;128880;128880;0
386;2013-10-01;Estados Unidos;Médio mercado;Amarilla;671;10065;402,6;9662,4;6710;2952,4
387;2014-12-01;Canadá;Parceiros de canal;Velo;2431;29172;1458,6;27713,4;7293;20420,4
388;2014-08-01;México;Parceiros de canal;Amarilla;1123;13476;673,8;12802,2;3369;9433,2
389;2014-02-01;França;Parceiros de canal;Carretera;1865;22380;1119;21261;5595;15666
390;2014-02-01;Alemanha;Parceiros de canal;Carretera;1116;13392;669,6;12722,4;3348;9374,4
391;2014-06-01;Estados Unidos;Pequenas empresas;Carretera;991;297300;14865;282435;247750;34685
392;2014-11-01;México;Médio mercado;Carretera;2791;41865;2093,25;39771,75;27910;11861,75
393;2014-07-01;Estados Unidos;Corporativo;Montana;3627;453375;22668,75;430706,25;435240;-4533,75
394;2014-11-01;Alemanha;Parceiros de canal;Montana;2342;28104;1405,2;26698,8;7026;19672,8
395;2013-12-01;México;Pequenas empresas;Montana;1100;330000;16500;313500;275000;38500
396;2014-01-01;Estados Unidos;Médio mercado;Velo;555;8325;416,25;7908,75;5550;2358,75
397;2014-01-01;México;Médio mercado;Velo;2861;42915;2145,75;40769,25;28610;12159,25
398;2014-02-01;Alemanha;Corporativo;Velo;807;100875;5043,75;95831,25;96840;-1008,75
399;2014-10-01;Estados Unidos;Corporativo;Velo;861;107625;5381,25;102243,75;103320;-1076,25
400;2013-10-01;França;Corporativo;Velo;704;88000;4400;83600;84480;-880
401;2014-12-01;Alemanha;Pequenas empresas;Velo;1250;375000;18750;356250;312500;43750
402;2014-12-01;Alemanha;Pequenas empresas;Amarilla;1250;375000;18750;356250;312500;43750
403;2014-06-01;Canadá;Médio mercado;Carretera;2844;42660;2559,6;40100,4;28440;11660,4
404;2014-09-01;México;Parceiros de canal;Carretera;562;6744;404,64;6339,36;1686;4653,36
405;2013-10-01;Canadá;Parceiros de canal;Carretera;2299;27588;1655,28;25932,72;6897;19035,72
406;2014-11-01;Estados Unidos;Médio mercado;Carretera;2030;30450;1827;28623;20300;8323
407;2013-12-01;Alemanha;Corporativo;Carretera;887;110875;6652,5;104222,5;106440;-2217,5
408;2014-11-01;Estados Unidos;Parceiros de canal;Montana;2723;32676;1960,56;30715,44;8169;22546,44
409;2014-02-01;Canadá;Corporativo;Velo;952;119000;7140;111860;114240;-2380
410;2014-02-01;Estados Unidos;Corporativo;Velo;2755;344375;20662,5;323712,5;330600;-6887,5
411;2014-05-01;Alemanha;Médio mercado;Velo;1530;22950;1377;21573;15300;6273
412;2013-10-01;França;Pequenas empresas;Velo;1221;366300;21978;344322;305250;39072
413;2014-06-01;Canadá;Médio mercado;VTT;2844;42660;2559,6;40100,4;28440;11660,4
414;2013-10-01;França;Pequenas empresas;VTT;1221;366300;21978;344322;305250;39072
415;2013-12-01;Canadá;Pequenas empresas;VTT;2436;730800;43848;686952;609000;77952
416;2014-01-01;França;Corporativo;Amarilla;1987,5;248437,5;14906,25;233531,25;238500;-4968,75
417;2014-10-01;Estados Unidos;Médio mercado;VTT;1153;17295;1037,7;16257,3;11530;4727,3
418;2014-02-01;México;Parceiros de canal;Carretera;727;8724;610,68;8113,32;2181;5932,32
419;2014-08-01;Canadá;Parceiros de canal;Carretera;1884;22608;1582,56;21025,44;5652;15373,44
420;2014-01-01;México;Parceiros de canal;Montana;2340;28080;1965,6;26114,4;7020;19094,4
421;2014-11-01;França;Parceiros de canal;Montana;2342;28104;1967,28;26136,72;7026;19110,72
422;2014-05-01;Canadá;Médio mercado;Velo;1262;18930;1325,1;17604,9;12620;4984,9
423;2014-04-01;França;Parceiros de canal;VTT;1738,5;20862;1460,34;19401,66;5215,5;14186,16
424;2013-09-01;Alemanha;Parceiros de canal;VTT;2215;26580;1860,6;24719,4;6645;18074,4
425;2014-06-01;França;Pequenas empresas;Carretera;448;134400;9408;124992;112000;12992
426;2014-10-01;França;Pequenas empresas;Carretera;2181;654300;45801;608499;545250;63249
427;2014-10-01;França;Pequenas empresas;Montana;2181;654300;45801;608499;545250;63249
428;2013-11-01;Alemanha;Corporativo;Montana;2500;312500;21875;290625;300000;-9375
429;2014-07-01;França;Pequenas empresas;Velo;1659;497700;34839;462861;414750;48111
430;2014-09-01;Alemanha;Corporativo;Velo;2087;260875;18261,25;242613,75;250440;-7826,25
431;2014-12-01;Estados Unidos;Pequenas empresas;Velo;1372;411600;28812;382788;343000;39788
432;2014-01-01;Canadá;Parceiros de canal;VTT;3244,5;38934;2725,38;36208,62;9733,5;26475,12
433;2014-02-01;França;Pequenas empresas;VTT;959;287700;20139;267561;239750;27811
434;2014-02-01;México;Pequenas empresas;VTT;2747;824100;57687;766413;686750;79663
435;2014-05-01;Canadá;Corporativo;Amarilla;1645;205625;14393,75;191231,25;197400;-6168,75
436;2013-09-01;Alemanha;Corporativo;Amarilla;994;124250;8697,5;115552,5;119280;-3727,5
437;2014-12-01;Estados Unidos;Pequenas empresas;Amarilla;1372;411600;28812;382788;343000;39788
438;2014-08-01;México;Corporativo;Carretera;1540;192500;15400;177100;184800;-7700
439;2014-11-01;França;Médio mercado;Carretera;490;7350;588;6762;4900;1862
440;2014-03-01;França;Médio mercado;Montana;2501;37515;3001,2;34513,8;25010;9503,8
441;2014-08-01;França;Pequenas empresas;Montana;1562;468600;37488;431112;390500;40612
442;2013-09-01;Canadá;Pequenas empresas;Montana;1283;384900;30792;354108;320750;33358
443;2014-12-01;Alemanha;Médio mercado;Montana;711;10665;853,2;9811,8;7110;2701,8
444;2014-03-01;Canadá;Parceiros de canal;Velo;598;7176;574,08;6601,92;1794;4807,92
445;2013-11-01;França;Pequenas empresas;Velo;386;115800;9264;106536;96500;10036
446;2014-12-01;México;Pequenas empresas;Velo;635;190500;15240;175260;158750;16510
447;2014-09-01;Canadá;Pequenas empresas;VTT;2134;640200;51216;588984;533500;55484
448;2013-12-01;Estados Unidos;Pequenas empresas;VTT;808;242400;19392;223008;202000;21008
449;2014-06-01;México;Pequenas empresas;Amarilla;2460;738000;59040;678960;615000;63960
450;2014-12-01;Alemanha;Médio mercado;Amarilla;711;10665;853,2;9811,8;7110;2701,8
451;2013-12-01;México;Parceiros de canal;Amarilla;1375;16500;1320;15180;4125;11055
452;2014-12-01;México;Pequenas empresas;Amarilla;635;190500;15240;175260;158750;16510
453;2014-06-01;Canadá;Pequenas empresas;Carretera;1094;328200;29538;298662;273500;25162
454;2013-10-01;México;Parceiros de canal;Carretera;367;4404;396,36;4007,64;1101;2906,64
455;2014-04-01;Canadá;Pequenas empresas;Montana;3802,5;1140750;102667,5;1038082,5;950625;87457,5
456;2013-09-01;França;Pequenas empresas;Montana;322;96600;8694;87906;80500;7406
457;2014-11-01;Canadá;Parceiros de canal;Montana;2321;27852;2506,68;25345,32;6963;18382,32
458;2013-11-01;França;Corporativo;Montana;1857;232125;20891,25;211233,75;222840;-11606,25
459;2014-12-01;Estados Unidos;Corporativo;Montana;2797;349625;31466,25;318158,75;335640;-17481,25
460;2013-12-01;Alemanha;Pequenas empresas;Montana;334;100200;9018;91182;83500;7682
461;2014-05-01;México;Médio mercado;Velo;245;3675;330,75;3344,25;2450;894,25
462;2014-07-01;Canadá;Pequenas empresas;Velo;3793,5;1138050;102424,5;1035625,5;948375;87250,5
463;2014-09-01;Canadá;Corporativo;Velo;567;70875;6378,75;64496,25;68040;-3543,75
464;2014-09-01;México;Corporativo;Velo;2110;263750;23737,5;240012,5;253200;-13187,5
465;2014-01-01;Estados Unidos;Parceiros de canal;VTT;1956;23472;2112,48;21359,52;5868;15491,52
466;2014-02-01;Alemanha;Pequenas empresas;VTT;2659;797700;71793;725907;664750;61157
467;2014-05-01;Alemanha;Parceiros de canal;VTT;880;10560;950,4;9609,6;2640;6969,6
468;2014-09-01;Estados Unidos;Pequenas empresas;VTT;1867;560100;50409;509691;466750;42941
469;2013-09-01;França;Parceiros de canal;VTT;2234;26808;2412,72;24395,28;6702;17693,28
470;2014-10-01;França;Médio mercado;VTT;1227;18405;1656,45;16748,55;12270;4478,55
471;2014-11-01;México;Corporativo;VTT;877;109625;9866,25;99758,75;105240;-5481,25
472;2013-11-01;Alemanha;Médio mercado;Amarilla;970;14550;1309,5;13240,5;9700;3540,5
473;2014-09-01;Alemanha;Parceiros de canal;Carretera;1580;18960;1706,4;17253,6;4740;12513,6
474;2014-03-01;França;Parceiros de canal;Velo;1967;23604;2124,36;21479,64;5901;15578,64
475;2014-04-01;México;Médio mercado;Velo;2628;39420;3547,8;35872,2;26280;9592,2
476;2014-07-01;Canadá;Médio mercado;Amarilla;1630,5;24457,5;2201,175;22256,325;16305;5951,325
477;2013-12-01;França;Parceiros de canal;Amarilla;306;3672;330,48;3341,52;918;2423,52
478;2013-10-01;Estados Unidos;Parceiros de canal;Carretera;386;4632;463,2;4168,8;1158;3010,8
479;2014-04-01;Estados Unidos;Corporativo;Carretera;3445,5;430687,5;43068,75;387618,75;413460;-25841,25
480;2013-12-01;França;Corporativo;Carretera;1482;185250;18525;166725;177840;-11115
481;2013-11-01;Estados Unidos;Corporativo;Montana;1804;225500;22550;202950;216480;-13530
482;2014-12-01;França;Médio mercado;Montana;2072;31080;3108;27972;20720;7252
483;2014-01-01;Alemanha;Médio mercado;Velo;681;10215;1021,5;9193,5;6810;2383,5
484;2014-04-01;Alemanha;Médio mercado;Velo;510;7650;765;6885;5100;1785
485;2014-05-01;Estados Unidos;Médio mercado;Velo;790;11850;1185;10665;7900;2765
486;2014-09-01;Estados Unidos;Corporativo;Velo;1596;199500;19950;179550;191520;-11970
487;2013-10-01;Estados Unidos;Pequenas empresas;Velo;2294;688200;68820;619380;573500;45880
488;2013-12-01;Canadá;Corporativo;Velo;1916;239500;23950;215550;229920;-14370
489;2014-12-01;França;Pequenas empresas;Velo;853;255900;25590;230310;213250;17060
490;2014-05-01;México;Corporativo;VTT;341;42625;4262,5;38362,5;40920;-2557,5
491;2014-07-01;México;Médio mercado;VTT;641;9615;961,5;8653,5;6410;2243,5
492;2014-09-01;México;Pequenas empresas;VTT;432;129600;12960;116640;108000;8640
493;2013-10-01;Estados Unidos;Pequenas empresas;VTT;2294;688200;68820;619380;573500;45880
494;2013-10-01;França;Médio mercado;VTT;2167;32505;3250,5;29254,5;21670;7584,5
495;2014-11-01;Canadá;Corporativo;VTT;2529;316125;31612,5;284512,5;303480;-18967,5
496;2014-01-01;Estados Unidos;Corporativo;Amarilla;579;72375;7237,5;65137,5;69480;-4342,5
497;2014-03-01;Estados Unidos;Pequenas empresas;Amarilla;2993;897900;89790;808110;748250;59860
498;2014-04-01;Canadá;Parceiros de canal;Amarilla;3520,5;42246;4224,6;38021,4;10561,5;27459,9
499;2014-08-01;Alemanha;Parceiros de canal;Amarilla;2574;30888;3088,8;27799,2;7722;20077,2
500;2014-12-01;França;Médio mercado;Amarilla;2072;31080;3108;27972;20720;7252
501;2014-12-01;França;Pequenas empresas;Amarilla;853;255900;25590;230310;213250;17060
502;2013-10-01;França;Parceiros de canal;Carretera;1198;14376;1581,36;12794,64;3594;9200,64
503;2014-01-01;Canadá;Médio mercado;Velo;384;5760;633,6;5126,4;3840;1286,4
504;2014-10-01;Alemanha;Parceiros de canal;Velo;472;5664;623,04;5040,96;1416;3624,96
505;2013-09-01;México;Parceiros de canal;VTT;1005;12060;1326,6;10733,4;3015;7718,4
506;2014-07-01;Estados Unidos;Médio mercado;Amarilla;3199,5;47992,5;5279,175;42713,325;31995;10718,325
507;2014-10-01;Alemanha;Parceiros de canal;Amarilla;472;5664;623,04;5040,96;1416;3624,96
508;2014-02-01;Canadá;Parceiros de canal;Carretera;1937;23244;2556,84;20687,16;5811;14876,16
509;2014-07-01;Alemanha;Pequenas empresas;Carretera;2811;843300;92763;750537;702750;47787
510;2014-10-01;França;Corporativo;Carretera;2441;305125;33563,75;271561,25;292920;-21358,75
511;2013-11-01;Canadá;Médio mercado;Carretera;1560;23400;2574;20826;15600;5226
512;2014-12-01;México;Médio mercado;Montana;2157;32355;3559,05;28795,95;21570;7225,95
513;2013-09-01;México;Médio mercado;Velo;655;9825;1080,75;8744,25;6550;2194,25
514;2014-01-01;França;Parceiros de canal;VTT;1734;20808;2288,88;18519,12;5202;13317,12
515;2014-01-01;México;Corporativo;VTT;554;69250;7617,5;61632,5;66480;-4847,5
516;2014-01-01;Alemanha;Corporativo;Amarilla;3165;395625;43518,75;352106,25;379800;-27693,75
517;2014-05-01;França;Corporativo;Amarilla;1433;179125;19703,75;159421,25;171960;-12538,75
518;2013-09-01;México;Corporativo;Amarilla;947;118375;13021,25;105353,75;113640;-8286,25
519;2014-12-01;México;Médio mercado;Amarilla;2157;32355;3559,05;28795,95;21570;7225,95
520;2013-09-01;Canadá;Corporativo;Carretera;2416;302000;36240;265760;289920;-24160
521;2014-10-01;México;Corporativo;Carretera;2156;269500;32340;237160;258720;-21560
522;2014-11-01;Canadá;Médio mercado;Carretera;2689;40335;4840,2;35494,8;26890;8604,8
523;2014-03-01;Estados Unidos;Médio mercado;Montana;677;10155;1218,6;8936,4;6770;2166,4
524;2014-04-01;França;Pequenas empresas;Montana;1773;531900;63828;468072;443250;24822
525;2013-12-01;França;Pequenas empresas;Montana;1186;355800;42696;313104;296500;16604
526;2014-05-01;Canadá;Parceiros de canal;VTT;2109;25308;3036,96;22271,04;6327;15944,04
527;2014-07-01;França;Médio mercado;VTT;3874,5;58117,5;6974,1;51143,4;38745;12398,4
528;2014-11-01;Estados Unidos;Corporativo;VTT;2387;298375;35805;262570;286440;-23870
529;2013-11-01;Estados Unidos;Médio mercado;Amarilla;2548;38220;4586,4;33633,6;25480;8153,6
530;2014-05-01;México;Parceiros de canal;Montana;2661;31932;3831,84;28100,16;7983;20117,16
531;2013-09-01;Canadá;Parceiros de canal;Amarilla;2761;33132;3975,84;29156,16;8283;20873,16
532;2014-06-01;Estados Unidos;Médio mercado;Carretera;2567;38505;5005,65;33499,35;25670;7829,35
533;2014-06-01;Estados Unidos;Médio mercado;VTT;2567;38505;5005,65;33499,35;25670;7829,35
534;2014-06-01;México;Parceiros de canal;Montana;604;7248;942,24;6305,76;1812;4493,76
535;2014-01-01;França;Médio mercado;Velo;3997,5;59962,5;7795,125;52167,375;39975;12192,375
536;2014-06-01;México;Parceiros de canal;Velo;604;7248;942,24;6305,76;1812;4493,76
537;2013-09-01;Alemanha;Médio mercado;Velo;660;9900;1287;8613;6600;2013
538;2014-10-01;México;Parceiros de canal;Velo;410;4920;639,6;4280,4;1230;3050,4
539;2013-11-01;México;Pequenas empresas;Velo;2605;781500;101595;679905;651250;28655
540;2014-12-01;Alemanha;Parceiros de canal;Velo;1013;12156;1580,28;10575,72;3039;7536,72
541;2014-06-01;Canadá;Corporativo;VTT;1583;197875;25723,75;172151,25;189960;-17808,75
542;2014-10-01;Canadá;Médio mercado;VTT;1565;23475;3051,75;20423,25;15650;4773,25
543;2014-01-01;Canadá;Corporativo;Amarilla;1659;207375;26958,75;180416,25;199080;-18663,75
544;2014-10-01;México;Parceiros de canal;Amarilla;410;4920;639,6;4280,4;1230;3050,4
545;2013-12-01;Alemanha;Parceiros de canal;Amarilla;1770;21240;2761,2;18478,8;5310;13168,8
546;2014-10-01;França;Parceiros de canal;Amarilla;1393;16716;2340,24;14375,76;4179;10196,76
547;2013-12-01;Estados Unidos;Parceiros de canal;Amarilla;2015;24180;3385,2;20794,8;6045;14749,8
548;2014-07-01;México;Pequenas empresas;Carretera;801;240300;33642;206658;200250;6408
549;2013-09-01;França;Corporativo;Carretera;1023;127875;17902,5;109972,5;122760;-12787,5
550;2014-10-01;Canadá;Pequenas empresas;Carretera;1496;448800;62832;385968;374000;11968
551;2014-10-01;Estados Unidos;Pequenas empresas;Carretera;1010;303000;42420;260580;252500;8080
552;2014-11-01;Alemanha;Médio mercado;Carretera;1513;22695;3177,3;19517,7;15130;4387,7
553;2014-12-01;Canadá;Médio mercado;Carretera;2300;34500;4830;29670;23000;6670
554;2013-12-01;México;Corporativo;Carretera;2821;352625;49367,5;303257,5;338520;-35262,5
555;2014-12-01;Canadá;Médio mercado;Montana;2300;34500;4830;29670;23000;6670
556;2014-02-01;México;Corporativo;Velo;1575;196875;27562,5;169312,5;189000;-19687,5
557;2014-07-01;Estados Unidos;Pequenas empresas;Velo;2460;738000;103320;634680;615000;19680
558;2013-10-01;Canadá;Pequenas empresas;Velo;269;80700;11298;69402;67250;2152
559;2013-11-01;Alemanha;Pequenas empresas;Velo;2536;760800;106512;654288;634000;20288
560;2014-08-01;Estados Unidos;Pequenas empresas;VTT;2541;762300;106722;655578;635250;20328
561;2013-10-01;Canadá;Pequenas empresas;VTT;269;80700;11298;69402;67250;2152
562;2014-10-01;Canadá;Pequenas empresas;VTT;1496;448800;62832;385968;374000;11968
563;2014-10-01;Estados Unidos;Pequenas empresas;VTT;1010;303000;42420;260580;252500;8080
564;2014-03-01;Canadá;Pequenas empresas;Amarilla;888;266400;37296;229104;222000;7104
565;2014-05-01;Estados Unidos;Corporativo;Amarilla;2844;355500;49770;305730;341280;-35550
566;2014-08-01;França;Parceiros de canal;Amarilla;2475;29700;4158;25542;7425;18117
567;2013-10-01;Canadá;Médio mercado;Amarilla;1743;26145;3660,3;22484,7;17430;5054,7
568;2014-10-01;Estados Unidos;Parceiros de canal;Amarilla;2914;34968;4895,52;30072,48;8742;21330,48
569;2013-11-01;México;Médio mercado;Amarilla;1870;28050;3927;24123;18700;5423
570;2014-08-01;França;Corporativo;Carretera;1174;146750;22012,5;124737,5;140880;-16142,5
571;2014-08-01;Alemanha;Corporativo;Carretera;2767;345875;51881,25;293993,75;332040;-38046,25
572;2014-10-01;Alemanha;Corporativo;Carretera;1085;135625;20343,75;115281,25;130200;-14918,75
573;2014-10-01;México;Pequenas empresas;Montana;546;163800;24570;139230;136500;2730
574;2014-03-01;México;Parceiros de canal;Velo;500;6000;900;5100;1500;3600
575;2014-05-01;França;Médio mercado;Velo;2826;42390;6358,5;36031,5;28260;7771,5
576;2014-09-01;França;Corporativo;Velo;663;82875;12431,25;70443,75;79560;-9116,25
577;2013-11-01;Estados Unidos;Pequenas empresas;Velo;2574;772200;115830;656370;643500;12870
578;2013-12-01;Estados Unidos;Corporativo;Velo;2438;304750;45712,5;259037,5;292560;-33522,5
579;2014-12-01;Estados Unidos;Parceiros de canal;Velo;914;10968;1645,2;9322,8;2742;6580,8
580;2014-07-01;Alemanha;Médio mercado;VTT;492;7380;1107;6273;4920;1353
581;2014-10-01;Alemanha;Médio mercado;VTT;1175;17625;2643,75;14981,25;11750;3231,25
582;2013-11-01;Canadá;Corporativo;VTT;2954;369250;55387,5;313862,5;354480;-40617,5
583;2014-11-01;Alemanha;Corporativo;VTT;552;69000;10350;58650;66240;-7590
584;2014-03-01;França;Pequenas empresas;Amarilla;2475;742500;111375;631125;618750;12375
585;2014-10-01;México;Pequenas empresas;Amarilla;546;163800;24570;139230;136500;2730
586;2014-05-01;Estados Unidos;Parceiros de canal;VTT;1806;21672;3250,8;18421,2;5418;13003,2
587;2014-02-01;México;Médio mercado;Paseo;974;14610;0;14610;9740;4870
588;2014-06-01;Canadá;Parceiros de canal;Paseo;2518;30216;0;30216;7554;22662
589;2014-07-01;Alemanha;Parceiros de canal;Paseo;367;4404;0;4404;1101;3303
590;2013-09-01;França;Médio mercado;Paseo;549;8235;0;8235;5490;2745
591;2013-09-01;México;Pequenas empresas;Paseo;788;236400;0;236400;197000;39400
592;2014-09-01;México;Médio mercado;Paseo;2472;37080;0;37080;24720;12360
593;2013-11-01;Estados Unidos;Parceiros de canal;Paseo;912;10944;0;10944;2736;8208
594;2013-12-01;Canadá;Médio mercado;Paseo;2152;32280;0;32280;21520;10760
595;2014-02-01;França;Médio mercado;Paseo;2296;34440;344,4;34095,6;22960;11135,6
596;2014-02-01;Estados Unidos;Médio mercado;Paseo;1514;22710;227,1;22482,9;15140;7342,9
597;2014-06-01;Estados Unidos;Corporativo;Paseo;727;90875;908,75;89966,25;87240;2726,25
598;2014-06-01;França;Corporativo;Paseo;787;98375;983,75;97391,25;94440;2951,25
599;2014-07-01;México;Corporativo;Paseo;1823;227875;2278,75;225596,25;218760;6836,25
600;2014-09-01;Alemanha;Médio mercado;Paseo;747;11205;112,05;11092,95;7470;3622,95
601;2013-10-01;Alemanha;Parceiros de canal;Paseo;766;9192;91,92;9100,08;2298;6802,08
602;2014-11-01;Estados Unidos;Pequenas empresas;Paseo;2905;871500;8715;862785;726250;136535
603;2014-02-01;Canadá;Médio mercado;Paseo;2363;35445;708,9;34736,1;23630;11106,1
604;2014-05-01;França;Pequenas empresas;Paseo;918;275400;5508;269892;229500;40392
605;2014-05-01;Alemanha;Pequenas empresas;Paseo;1728;518400;10368;508032;432000;76032
606;2014-06-01;Estados Unidos;Parceiros de canal;Paseo;1142;13704;274,08;13429,92;3426;10003,92
607;2014-06-01;México;Corporativo;Paseo;662;82750;1655;81095;79440;1655
608;2014-10-01;Canadá;Parceiros de canal;Paseo;1295;15540;310,8;15229,2;3885;11344,2
609;2013-10-01;Alemanha;Corporativo;Paseo;809;101125;2022,5;99102,5;97080;2022,5
610;2013-10-01;México;Corporativo;Paseo;2145;268125;5362,5;262762,5;257400;5362,5
611;2013-11-01;França;Parceiros de canal;Paseo;1785;21420;428,4;20991,6;5355;15636,6
612;2014-12-01;Canadá;Pequenas empresas;Paseo;1916;574800;11496;563304;479000;84304
613;2014-12-01;Canadá;Corporativo;Paseo;2729;341125;6822,5;334302,5;327480;6822,5
614;2013-12-01;Estados Unidos;Médio mercado;Paseo;1925;28875;577,5;28297,5;19250;9047,5
615;2014-12-01;França;Parceiros de canal;Paseo;1055;12660;253,2;12406,8;3165;9241,8
616;2014-12-01;México;Parceiros de canal;Paseo;1084;13008;260,16;12747,84;3252;9495,84
617;2014-01-01;França;Pequenas empresas;Paseo;2434,5;730350;21910,5;708439,5;608625;99814,5
618;2014-03-01;Canadá;Corporativo;Paseo;1774;221750;6652,5;215097,5;212880;2217,5
619;2014-06-01;França;Parceiros de canal;Paseo;1901;22812;684,36;22127,64;5703;16424,64
620;2014-06-01;Alemanha;Pequenas empresas;Paseo;689;206700;6201;200499;172250;28249
621;2014-06-01;Alemanha;Corporativo;Paseo;1570;196250;5887,5;190362,5;188400;1962,5
622;2014-07-01;Estados Unidos;Parceiros de canal;Paseo;1369,5;16434;493,02;15940,98;4108,5;11832,48
623;2014-10-01;Canadá;Corporativo;Paseo;2009;251125;7533,75;243591,25;241080;2511,25
624;2013-10-01;Alemanha;Médio mercado;Paseo;1945;29175;875,25;28299,75;19450;8849,75
625;2014-12-01;França;Corporativo;Paseo;1287;160875;4826,25;156048,75;154440;1608,75
626;2014-12-01;Alemanha;Corporativo;Paseo;1706;213250;6397,5;206852,5;204720;2132,5
627;2014-10-01;México;Médio mercado;Paseo;2031;30465;1218,6;29246,4;20310;8936,4
628;2013-12-01;França;Médio mercado;Paseo;2261;33915;1356,6;32558,4;22610;9948,4
629;2014-03-01;Alemanha;Corporativo;Paseo;795;99375;3975;95400;95400;0
630;2014-04-01;Alemanha;Pequenas empresas;Paseo;1414,5;424350;16974;407376;353625;53751
631;2014-05-01;Estados Unidos;Pequenas empresas;Paseo;2918;875400;35016;840384;729500;110884
632;2014-07-01;França;Corporativo;Paseo;2988;373500;14940;358560;358560;0
633;2014-09-01;Canadá;Médio mercado;Paseo;218;3270;130,8;3139,2;2180;959,2
634;2013-10-01;Estados Unidos;Médio mercado;Paseo;671;10065;402,6;9662,4;6710;2952,4
635;2013-10-01;México;Médio mercado;Paseo;1514;22710;908,4;21801,6;15140;6661,6
636;2014-12-01;México;Corporativo;Paseo;1138;142250;5690;136560;136560;0
637;2014-12-01;Canadá;Parceiros de canal;Paseo;2431;29172;1458,6;27713,4;7293;20420,4
638;2014-03-01;Estados Unidos;Corporativo;Paseo;2992;374000;18700;355300;359040;-3740
639;2014-03-01;França;Corporativo;Paseo;2385;298125;14906,25;283218,75;286200;-2981,25
640;2014-04-01;México;Pequenas empresas;Paseo;1607;482100;24105;457995;401750;56245
641;2014-06-01;Estados Unidos;Pequenas empresas;Paseo;991;297300;14865;282435;247750;34685
642;2014-09-01;França;Médio mercado;Paseo;2620;39300;1965;37335;26200;11135
643;2014-10-01;Estados Unidos;Corporativo;Paseo;861;107625;5381,25;102243,75;103320;-1076,25
644;2013-10-01;França;Corporativo;Paseo;704;88000;4400;83600;84480;-880
645;2013-12-01;Alemanha;Médio mercado;Paseo;2116;31740;1587;30153;21160;8993
646;2014-04-01;França;Médio mercado;Paseo;3801;57015;3420,9;53594,1;38010;15584,1
647;2013-10-01;Canadá;Parceiros de canal;Paseo;2299;27588;1655,28;25932,72;6897;19035,72
648;2014-08-01;Estados Unidos;Médio mercado;Paseo;2198;32970;1978,2;30991,8;21980;9011,8
649;2014-08-01;Alemanha;Médio mercado;Paseo;1743;26145;1568,7;24576,3;17430;7146,3
650;2014-10-01;Estados Unidos;Médio mercado;Paseo;1153;17295;1037,7;16257,3;11530;4727,3
651;2014-05-01;Canadá;Pequenas empresas;Paseo;1702;510600;35742;474858;425500;49358
652;2014-06-01;França;Pequenas empresas;Paseo;448;134400;9408;124992;112000;12992
653;2014-07-01;Alemanha;Corporativo;Paseo;3513;439125;30738,75;408386,25;421560;-13173,75
654;2014-08-01;França;Médio mercado;Paseo;2101;31515;2206,05;29308,95;21010;8298,95
655;2013-09-01;Estados Unidos;Médio mercado;Paseo;2931;43965;3077,55;40887,45;29310;11577,45
656;2013-09-01;Alemanha;Pequenas empresas;Paseo;1123;336900;23583;313317;280750;32567
657;2013-11-01;Canadá;Pequenas empresas;Paseo;1404;421200;29484;391716;351000;40716
658;2013-11-01;México;Parceiros de canal;Paseo;2763;33156;2320,92;30835,08;8289;22546,08
659;2014-03-01;México;Corporativo;Paseo;1114;139250;11140;128110;133680;-5570
660;2014-06-01;México;Pequenas empresas;Paseo;2460;738000;59040;678960;615000;63960
661;2014-01-01;México;Pequenas empresas;Paseo;2565;769500;69255;700245;641250;58995
662;2014-04-01;Estados Unidos;Médio mercado;Paseo;3675;55125;4961,25;50163,75;36750;13413,75
663;2014-06-01;Canadá;Pequenas empresas;Paseo;1094;328200;29538;298662;273500;25162
664;2014-10-01;França;Médio mercado;Paseo;1227;18405;1656,45;16748,55;12270;4478,55
665;2013-10-01;México;Parceiros de canal;Paseo;367;4404;396,36;4007,64;1101;2906,64
666;2014-11-01;França;Pequenas empresas;Paseo;1324;397200;35748;361452;331000;30452
667;2013-11-01;Alemanha;Parceiros de canal;Paseo;1775;21300;1917;19383;5325;14058
668;2014-12-01;Estados Unidos;Corporativo;Paseo;2797;349625;31466,25;318158,75;335640;-17481,25
669;2013-10-01;Estados Unidos;Parceiros de canal;Paseo;386;4632;463,2;4168,8;1158;3010,8
670;2014-05-01;México;Pequenas empresas;Paseo;591;177300;17730;159570;147750;11820
671;2013-10-01;França;Médio mercado;Paseo;2167;32505;3250,5;29254,5;21670;7584,5
672;2013-10-01;França;Parceiros de canal;Paseo;1198;14376;1581,36;12794,64;3594;9200,64
673;2014-01-01;Canadá;Pequenas empresas;Paseo;873;261900;28809;233091;218250;14841
674;2014-07-01;Canadá;Parceiros de canal;Paseo;4026;48312;5314,32;42997,68;12078;30919,68
675;2014-07-01;França;Parceiros de canal;Paseo;2425,5;29106;3201,66;25904,34;7276,5;18627,84
676;2014-08-01;México;Médio mercado;Paseo;1984;29760;3273,6;26486,4;19840;6646,4
677;2014-10-01;França;Corporativo;Paseo;2441;305125;33563,75;271561,25;292920;-21358,75
678;2014-11-01;Canadá;Pequenas empresas;Paseo;1366;409800;45078;364722;341500;23222
679;2014-01-01;Estados Unidos;Pequenas empresas;Paseo;3495;1048500;125820;922680;873750;48930
680;2014-10-01;México;Corporativo;Paseo;2156;269500;32340;237160;258720;-21560
681;2014-11-01;Alemanha;Pequenas empresas;Paseo;1359;407700;48924;358776;339750;19026
682;2014-11-01;México;Pequenas empresas;Paseo;2150;645000;77400;567600;537500;30100
683;2013-12-01;México;Médio mercado;Paseo;380;5700;684;5016;3800;1216
684;2014-01-01;Alemanha;Pequenas empresas;Paseo;807;242100;31473;210627;201750;8877
685;2014-06-01;Canadá;Corporativo;Paseo;1583;197875;25723,75;172151,25;189960;-17808,75
686;2014-07-01;México;Parceiros de canal;Paseo;571;6852;890,76;5961,24;1713;4248,24
687;2014-10-01;Canadá;Médio mercado;Paseo;1565;23475;3051,75;20423,25;15650;4773,25
688;2014-12-01;Alemanha;Parceiros de canal;Paseo;1013;12156;1580,28;10575,72;3039;7536,72
689;2014-02-01;Alemanha;Médio mercado;Paseo;278;4170;583,8;3586,2;2780;806,2
690;2014-09-01;Estados Unidos;Médio mercado;Paseo;1767;26505;3710,7;22794,3;17670;5124,3
691;2014-10-01;França;Parceiros de canal;Paseo;1393;16716;2340,24;14375,76;4179;10196,76
692;2013-09-01;Canadá;Médio mercado;Paseo;2470;37050;5187;31863;24700;7163
693;2013-10-01;Canadá;Médio mercado;Paseo;1743;26145;3660,3;22484,7;17430;5054,7
694;2014-10-01;Estados Unidos;Parceiros de canal;Paseo;2914;34968;4895,52;30072,48;8742;21330,48
695;2013-11-01;Canadá;Parceiros de canal;Paseo;2222;26664;3732,96;22931,04;6666;16265,04
696;2014-04-01;Canadá;Médio mercado;Paseo;1614;24210;3631,5;20578,5;16140;4438,5
697;2014-08-01;Canadá;Médio mercado;Paseo;2559;38385;5757,75;32627,25;25590;7037,25
698;2014-10-01;Alemanha;Corporativo;Paseo;1085;135625;20343,75;115281,25;130200;-14918,75
699;2014-10-01;Alemanha;Médio mercado;Paseo;1175;17625;2643,75;14981,25;11750;3231,25
700;2014-12-01;Estados Unidos;Parceiros de canal;Paseo;914;10968;1645,2;9322,8;2742;6580,8